id,SurveyDate,Regular_Hokkaido,High_octane_Hokkaido,light_oil_Hokkaido,Kerosene_Hokkaido
1,1990/8/27,121,137,70,747
2,1990/9/3,121,137,70,758
3,1990/9/10,121,137,71,786
4,1990/9/17,124,139,74,818
5,1990/9/25,132,148,82,961
6,1990/10/1,132,148,82,961
7,1990/10/8,132,148,82,961
8,1990/10/15,132,148,82,961
9,1990/10/22,137,153,87,"1,050"
10,1990/10/29,137,153,87,"1,049"
11,1990/11/5,137,153,87,"1,050"
12,1990/11/13,137,152,87,"1,047"
13,1990/11/19,137,152,87,"1,047"
14,1990/11/26,137,152,87,"1,047"
15,1990/12/3,137,152,87,"1,047"
16,1990/12/10,137,152,87,"1,046"
17,1990/12/17,136,151,86,"1,023"
18,1990/12/25,134,149,84,993
19,1991/1/7,134,149,84,990
20,1991/1/14,134,149,84,989
21,1991/1/21,131,146,81,941
22,1991/1/28,131,146,81,936
23,1991/2/4,131,146,81,935
24,1991/2/12,131,146,81,931
25,1991/2/18,129,144,79,892
26,1991/2/25,128,143,78,879
27,1991/3/4,128,143,78,875
28,1991/3/11,128,143,78,875
29,1991/3/18,126,141,76,842
30,1991/3/25,125,140,75,819
31,1991/4/1,126,140,76,830
32,1991/4/8,126,140,76,832
33,1991/4/15,126,140,76,832
34,1991/4/22,126,140,76,833
35,1991/4/30,126,140,76,832
36,1991/5/7,126,140,76,828
37,1991/5/13,126,140,76,828
38,1991/5/20,126,140,76,828
39,1991/5/27,126,140,76,828
40,1991/6/3,126,140,76,828
41,1991/6/10,126,140,76,827
42,1991/6/17,126,140,76,827
43,1991/6/24,125,140,76,827
44,1991/7/1,125,140,76,827
45,1991/7/8,125,140,76,825
46,1991/7/15,125,140,76,825
47,1991/7/22,125,140,76,826
48,1991/7/29,125,140,76,826
49,1991/8/5,125,140,76,826
50,1991/8/12,125,140,76,826
51,1991/8/19,125,140,75,825
52,1991/8/26,125,140,75,825
53,1991/9/2,125,140,75,825
54,1991/9/9,125,140,75,825
55,1991/9/17,125,140,75,825
56,1991/9/24,125,140,76,829
57,1991/9/30,125,140,76,829
58,1991/10/7,125,140,76,832
59,1991/10/14,125,140,76,830
60,1991/10/21,125,140,76,832
61,1991/10/28,126,141,76,839
62,1991/11/5,126,141,76,843
63,1991/11/11,126,141,76,844
64,1991/11/18,126,141,77,851
65,1991/11/25,126,141,77,852
66,1991/12/2,126,142,77,852
67,1991/12/9,126,142,77,852
68,1991/12/16,126,141,77,851
69,1991/12/24,126,141,77,851
70,1992/1/6,126,141,77,849
71,1992/1/13,126,141,77,849
72,1992/1/20,125,140,76,832
73,1992/1/27,125,139,75,815
74,1992/2/3,124,139,75,809
75,1992/2/10,124,139,75,809
76,1992/2/17,124,139,75,809
77,1992/2/24,124,139,75,806
78,1992/3/2,124,139,75,806
79,1992/3/9,124,139,75,806
80,1992/3/16,124,139,75,805
81,1992/3/23,124,139,75,805
82,1992/3/30,124,139,75,805
83,1992/4/1,124,138,74,795
84,1992/4/6,123,138,74,795
85,1992/4/13,123,138,74,793
86,1992/4/20,123,138,74,794
87,1992/4/27,123,138,74,794
88,1992/5/6,123,138,74,791
89,1992/5/11,123,138,73,793
90,1992/5/18,123,138,74,793
91,1992/5/25,123,138,74,795
92,1992/6/1,123,138,74,795
93,1992/6/8,123,138,74,797
94,1992/6/15,123,138,74,797
95,1992/6/22,123,138,74,797
96,1992/6/29,123,138,74,797
97,1992/7/6,123,139,74,800
98,1992/7/13,124,139,74,798
99,1992/7/20,124,139,74,798
100,1992/7/27,124,139,74,799
101,1992/8/3,124,139,74,806
102,1992/8/10,124,139,74,806
103,1992/8/17,124,139,75,807
104,1992/8/24,124,139,75,805
105,1992/8/31,125,139,75,808
106,1992/9/7,126,140,76,821
107,1992/9/14,126,140,76,821
108,1992/9/21,126,141,76,822
109,1992/9/28,126,141,77,827
110,1992/10/5,126,141,77,829
111,1992/10/12,126,141,77,837
112,1992/10/19,126,141,77,837
113,1992/10/26,126,141,77,834
114,1992/11/2,126,141,77,831
115,1992/11/9,126,141,77,830
116,1992/11/16,126,141,77,830
117,1992/11/24,126,141,77,830
118,1992/11/30,126,141,77,830
119,1992/12/7,126,141,77,830
120,1992/12/14,126,141,77,830
121,1992/12/21,126,141,77,830
122,1993/1/4,126,141,77,827
123,1993/1/11,126,141,77,827
124,1993/1/18,126,141,77,826
125,1993/1/25,126,141,77,825
126,1993/2/1,126,141,77,825
127,1993/2/8,126,141,77,823
128,1993/2/15,126,141,77,823
129,1993/2/22,126,141,77,821
130,1993/3/1,126,141,76,817
131,1993/3/8,126,141,76,817
132,1993/3/15,126,141,76,818
133,1993/3/22,126,141,76,818
134,1993/3/29,126,141,76,818
135,1993/4/5,126,140,76,816
136,1993/4/12,126,140,76,815
137,1993/4/19,126,140,76,816
138,1993/4/26,126,140,76,816
139,1993/5/10,125,140,76,814
140,1993/5/17,125,140,76,814
141,1993/5/24,125,140,76,814
142,1993/5/31,125,140,76,811
143,1993/6/7,125,140,76,806
144,1993/6/14,125,140,76,806
145,1993/6/21,125,140,76,803
146,1993/6/28,125,140,76,802
147,1993/7/5,125,140,76,802
148,1993/7/12,125,140,76,802
149,1993/7/19,125,139,76,801
150,1993/7/26,125,139,76,801
151,1993/8/2,125,139,76,801
152,1993/8/9,125,139,76,798
153,1993/8/16,125,139,76,798
154,1993/8/23,125,139,76,798
155,1993/8/30,125,139,76,798
156,1993/9/6,125,139,76,797
157,1993/9/13,125,139,76,796
158,1993/9/20,125,139,76,796
159,1993/9/27,124,139,75,796
160,1993/10/4,124,139,75,798
161,1993/10/12,124,139,75,798
162,1993/10/18,124,139,75,798
163,1993/10/25,124,139,75,796
164,1993/11/1,124,139,75,795
165,1993/11/8,124,139,75,795
166,1993/11/15,124,139,75,792
167,1993/11/22,124,139,75,791
168,1993/11/29,124,139,75,789
169,1993/12/1,124,139,83,787
170,1993/12/6,124,139,83,787
171,1993/12/13,124,139,82,786
172,1993/12/20,124,139,82,786
173,1994/1/5,124,139,82,786
174,1994/1/10,124,139,82,786
175,1994/1/17,124,139,82,786
176,1994/1/24,123,138,82,777
177,1994/1/31,123,138,82,777
178,1994/2/7,123,138,82,772
179,1994/2/14,123,138,82,775
180,1994/2/21,123,138,82,775
181,1994/2/28,123,138,82,775
182,1994/3/7,123,138,82,775
183,1994/3/14,123,138,82,775
184,1994/3/22,123,138,82,775
185,1994/3/28,123,138,82,775
186,1994/4/4,123,138,82,775
187,1994/4/11,123,138,82,771
188,1994/4/18,123,138,82,769
189,1994/4/25,123,138,82,769
190,1994/5/9,123,138,82,768
191,1994/5/16,123,138,82,768
192,1994/5/23,123,138,82,768
193,1994/5/30,123,138,82,768
194,1994/6/6,123,138,82,768
195,1994/6/13,123,138,82,768
196,1994/6/20,123,138,82,768
197,1994/6/27,123,138,82,768
198,1994/7/4,123,138,82,766
199,1994/7/11,123,137,81,766
200,1994/7/18,123,137,81,766
201,1994/7/25,123,137,81,766
202,1994/8/1,122,137,81,766
203,1994/8/8,122,137,81,766
204,1994/8/15,122,137,81,766
205,1994/8/22,122,137,81,766
206,1994/8/29,122,137,81,766
207,1994/9/5,123,137,81,768
208,1994/9/12,123,137,81,768
209,1994/9/19,122,137,81,768
210,1994/9/26,122,137,81,768
211,1994/10/3,122,137,81,768
212,1994/10/11,122,137,81,768
213,1994/10/17,122,137,81,768
214,1994/10/24,122,137,81,768
215,1994/10/31,122,137,81,768
216,1994/11/7,122,137,81,768
217,1994/11/14,123,138,81,766
218,1994/11/21,123,138,81,766
219,1994/11/28,123,138,81,766
220,1994/12/5,123,138,81,765
221,1994/12/12,123,138,81,764
222,1994/12/19,123,138,81,764
223,1994/12/26,123,138,81,764
224,1995/1/9,123,138,81,759
225,1995/1/17,123,138,81,759
226,1995/1/23,123,138,81,759
227,1995/1/30,123,138,81,759
228,1995/2/6,123,138,81,759
229,1995/2/13,123,138,81,759
230,1995/2/20,122,138,81,759
231,1995/2/27,122,138,81,759
232,1995/3/6,122,138,81,759
233,1995/3/13,122,138,81,759
234,1995/3/20,122,138,81,758
235,1995/3/27,122,138,81,758
236,1995/4/3,122,138,81,757
237,1995/4/10,122,137,81,755
238,1995/4/17,122,137,81,754
239,1995/4/24,122,137,81,754
240,1995/5/8,121,137,81,748
241,1995/5/15,121,137,81,747
242,1995/5/22,121,136,81,746
243,1995/5/29,121,136,81,743
244,1995/6/5,121,136,80,743
245,1995/6/12,121,136,80,743
246,1995/6/19,121,136,80,743
247,1995/6/26,121,136,80,743
248,1995/7/3,121,136,80,743
249,1995/7/10,121,136,80,743
250,1995/7/17,121,136,80,743
251,1995/7/24,120,136,80,740
252,1995/7/31,120,136,80,740
253,1995/8/7,120,135,80,740
254,1995/8/14,120,135,80,738
255,1995/8/21,120,135,80,737
256,1995/8/28,120,135,80,737
257,1995/9/4,120,135,80,737
258,1995/9/11,120,135,80,737
259,1995/9/18,120,135,80,737
260,1995/9/25,120,135,80,732
261,1995/10/2,119,135,79,732
262,1995/10/9,119,135,79,732
263,1995/10/16,119,135,79,732
264,1995/10/23,119,135,79,732
265,1995/10/30,119,135,79,732
266,1995/11/6,119,135,79,732
267,1995/11/13,119,135,79,732
268,1995/11/20,119,134,79,731
269,1995/11/27,119,134,79,735
270,1995/12/4,119,134,79,730
271,1995/12/11,119,134,79,730
272,1995/12/18,118,133,79,726
273,1995/12/25,118,133,79,726
274,1996/1/8,118,133,79,726
275,1996/1/16,117,132,79,726
276,1996/1/22,117,132,79,725
277,1996/1/29,117,132,79,723
278,1996/2/5,117,131,79,723
279,1996/2/13,116,130,79,723
280,1996/2/19,116,130,79,728
281,1996/2/26,116,130,79,732
282,1996/3/4,115,129,79,743
283,1996/3/11,114,128,79,745
284,1996/3/18,114,128,80,749
285,1996/3/25,113,128,80,749
286,1996/4/1,108,122,82,795
287,1996/4/8,107,122,82,802
288,1996/4/15,107,122,82,802
289,1996/4/22,107,122,82,802
290,1996/4/30,107,122,82,802
291,1996/5/7,107,121,82,802
292,1996/5/13,107,121,82,801
293,1996/5/20,107,121,82,801
294,1996/5/27,107,121,82,801
295,1996/6/3,107,121,82,800
296,1996/6/10,107,121,82,801
297,1996/6/17,107,121,82,801
298,1996/6/24,107,121,82,801
299,1996/7/1,107,121,82,801
300,1996/7/8,107,121,82,801
301,1996/7/15,107,121,82,801
302,1996/7/22,106,121,82,801
303,1996/7/29,106,121,82,801
304,1996/8/5,106,120,82,801
305,1996/8/12,105,119,82,801
306,1996/8/19,105,119,82,800
307,1996/8/26,105,119,82,800
308,1996/9/2,105,119,82,804
309,1996/9/9,105,118,81,802
310,1996/9/17,105,118,81,803
311,1996/9/24,105,118,81,805
312,1996/9/30,105,118,81,805
313,1996/10/7,105,118,81,807
314,1996/10/14,105,118,81,807
315,1996/10/21,104,118,81,807
316,1996/10/28,104,117,81,807
317,1996/11/5,104,117,81,820
318,1996/11/11,104,118,81,827
319,1996/11/18,104,118,82,832
320,1996/11/25,104,118,81,836
321,1996/12/2,105,118,82,842
322,1996/12/9,105,118,82,843
323,1996/12/16,105,118,82,847
324,1996/12/24,105,118,82,848
325,1997/1/6,105,117,82,848
326,1997/1/13,105,117,82,848
327,1997/1/20,105,117,82,848
328,1997/1/27,104,117,82,851
329,1997/2/3,105,119,83,855
330,1997/2/10,105,119,83,856
331,1997/2/17,105,119,83,856
332,1997/2/24,105,119,83,856
333,1997/3/3,106,119,83,857
334,1997/3/10,106,119,83,857
335,1997/3/17,105,118,83,857
336,1997/3/24,105,118,83,856
337,1997/3/31,105,118,83,855
338,1997/4/7,105,118,82,855
339,1997/4/14,104,117,82,854
340,1997/4/21,104,117,82,854
341,1997/4/28,104,117,82,853
342,1997/5/6,104,117,82,851
343,1997/5/12,104,117,82,851
344,1997/5/19,104,117,82,851
345,1997/5/26,104,117,82,851
346,1997/6/2,103,116,81,850
347,1997/6/9,102,115,81,845
348,1997/6/16,102,115,81,845
349,1997/6/23,101,114,80,845
350,1997/6/30,101,114,80,847
351,1997/7/7,101,114,80,847
352,1997/7/14,101,114,80,847
353,1997/7/22,102,115,80,844
354,1997/7/28,102,115,80,844
355,1997/8/4,101,114,80,844
356,1997/8/11,101,114,80,844
357,1997/8/18,101,114,80,844
358,1997/8/25,101,114,80,844
359,1997/9/1,101,114,80,844
360,1997/9/8,101,114,80,844
361,1997/9/16,100,114,80,841
362,1997/9/22,100,114,80,841
363,1997/9/29,100,113,80,840
364,1997/10/6,99,112,79,835
365,1997/10/13,98,111,79,834
366,1997/10/20,97,111,78,826
367,1997/10/27,97,110,78,819
368,1997/11/4,97,110,78,815
369,1997/11/10,97,110,78,814
370,1997/11/17,97,110,78,812
371,1997/11/25,97,110,78,812
372,1997/12/1,97,110,78,810
373,1997/12/8,97,110,78,804
374,1997/12/15,98,110,78,803
375,1997/12/22,98,110,78,803
376,1998/1/5,97,110,78,798
377,1998/1/12,97,109,78,795
378,1998/1/19,97,109,78,794
379,1998/1/26,96,108,77,789
380,1998/2/2,96,108,77,785
381,1998/2/9,96,108,77,781
382,1998/2/16,96,108,77,780
383,1998/2/23,95,108,77,778
384,1998/3/2,95,107,76,773
385,1998/3/9,94,106,76,764
386,1998/3/16,93,105,75,757
387,1998/3/23,93,105,75,757
388,1998/3/30,93,105,75,757
389,1998/4/6,92,103,74,747
390,1998/4/13,90,102,73,744
391,1998/4/20,90,102,73,744
392,1998/4/27,90,102,73,735
393,1998/5/6,90,102,73,735
394,1998/5/11,90,102,73,733
395,1998/5/18,90,101,73,730
396,1998/5/25,90,101,74,730
397,1998/6/1,90,102,74,730
398,1998/6/8,90,102,74,730
399,1998/6/15,90,102,74,730
400,1998/6/22,90,102,74,726
401,1998/6/29,90,102,74,726
402,1998/7/6,89,100,73,712
403,1998/7/13,89,100,73,711
404,1998/7/21,89,100,73,711
405,1998/7/27,89,100,72,711
406,1998/8/3,89,100,72,711
407,1998/8/10,89,100,72,711
408,1998/8/17,89,100,72,711
409,1998/8/24,89,100,72,711
410,1998/8/31,88,100,72,709
411,1998/9/7,88,100,72,707
412,1998/9/14,88,100,72,707
413,1998/9/21,88,100,72,707
414,1998/9/28,88,100,72,704
415,1998/10/5,88,99,72,694
416,1998/10/12,88,99,72,687
417,1998/10/19,88,99,72,686
418,1998/10/26,88,100,73,686
419,1998/11/2,88,100,73,678
420,1998/11/9,89,100,73,678
421,1998/11/16,89,100,73,677
422,1998/11/24,89,100,73,677
423,1998/11/30,89,100,73,676
424,1998/12/7,89,100,73,677
425,1998/12/14,89,100,73,677
426,1998/12/21,89,101,73,671
427,1999/1/5,89,101,73,671
428,1999/1/11,89,101,73,671
429,1999/1/18,89,101,73,671
430,1999/1/25,89,101,73,671
431,1999/2/1,89,101,73,671
432,1999/2/8,89,100,73,671
433,1999/2/15,89,100,73,669
434,1999/2/22,89,100,73,666
435,1999/3/1,89,100,73,666
436,1999/3/8,89,100,73,663
437,1999/3/15,89,100,73,658
438,1999/3/23,89,100,73,658
439,1999/3/29,89,101,73,658
440,1999/4/5,90,101,73,658
441,1999/4/12,89,101,73,655
442,1999/4/19,89,101,73,655
443,1999/4/26,90,101,73,655
444,1999/5/10,90,101,73,657
445,1999/5/17,90,101,73,655
446,1999/5/24,90,101,73,658
447,1999/5/31,90,101,73,658
448,1999/6/7,91,102,74,666
449,1999/6/14,91,102,74,667
450,1999/6/21,92,102,74,671
451,1999/6/28,92,103,74,672
452,1999/7/5,92,103,74,674
453,1999/7/12,92,103,75,676
454,1999/7/19,92,103,75,676
455,1999/7/26,92,103,74,676
456,1999/8/2,92,103,74,678
457,1999/8/9,92,103,74,681
458,1999/8/16,92,103,75,683
459,1999/8/23,92,103,75,685
460,1999/8/30,93,103,75,693
461,1999/9/6,93,104,76,701
462,1999/9/13,94,105,76,704
463,1999/9/20,94,105,76,704
464,1999/9/27,94,105,76,705
465,1999/10/4,94,105,77,709
466,1999/10/12,95,106,77,713
467,1999/10/18,95,106,77,716
468,1999/10/25,95,106,77,720
469,1999/11/1,96,107,77,730
470,1999/11/8,96,107,77,731
471,1999/11/15,96,107,77,731
472,1999/11/22,96,107,78,740
473,1999/11/29,96,107,78,740
474,1999/12/6,96,107,78,740
475,1999/12/13,96,108,78,743
476,1999/12/20,97,108,78,744
477,1999/12/27,97,108,78,746
478,2000/1/5,97,108,79,744
479,2000/1/11,97,108,79,748
480,2000/1/17,97,108,79,748
481,2000/1/24,97,108,79,748
482,2000/1/31,97,108,79,748
483,2000/2/7,98,109,79,748
484,2000/2/14,98,109,79,748
485,2000/2/21,98,109,79,748
486,2000/2/28,98,109,79,748
487,2000/3/6,98,109,79,748
488,2000/3/13,98,110,80,751
489,2000/3/21,99,110,80,752
490,2000/3/27,99,110,80,753
491,2000/4/3,100,111,81,758
492,2000/4/10,100,111,81,758
493,2000/4/17,100,111,81,758
494,2000/4/24,100,111,81,759
495,2000/5/8,100,111,81,760
496,2000/5/15,100,111,81,762
497,2000/5/22,100,111,81,762
498,2000/5/29,100,111,81,762
499,2000/6/5,100,111,81,762
500,2000/6/12,100,111,81,763
501,2000/6/19,100,111,81,766
502,2000/6/26,100,111,81,766
503,2000/7/3,100,111,81,766
504,2000/7/10,100,111,81,767
505,2000/7/17,100,111,81,767
506,2000/7/24,100,111,81,769
507,2000/7/31,100,110,81,770
508,2000/8/7,100,110,81,770
509,2000/8/14,100,110,81,770
510,2000/8/21,100,110,81,770
511,2000/8/28,100,110,81,770
512,2000/9/4,100,110,81,771
513,2000/9/11,100,111,81,773
514,2000/9/18,100,111,81,773
515,2000/9/25,100,111,81,773
516,2000/10/2,101,112,82,792
517,2000/10/10,102,113,83,801
518,2000/10/16,103,114,83,813
519,2000/10/23,103,114,83,813
520,2000/10/30,103,114,83,826
521,2000/11/6,103,114,84,827
522,2000/11/13,103,114,84,829
523,2000/11/20,104,114,84,829
524,2000/11/27,104,114,84,833
525,2000/12/4,104,115,84,843
526,2000/12/11,104,115,84,848
527,2000/12/18,104,115,84,849
528,2000/12/25,104,115,84,850
529,2001/1/9,104,115,85,850
530,2001/1/15,104,115,85,850
531,2001/1/22,105,115,85,850
532,2001/1/29,105,115,85,850
533,2001/2/5,105,115,85,850
534,2001/2/13,105,115,85,850
535,2001/2/19,105,115,85,850
536,2001/2/26,104,115,85,849
537,2001/3/5,104,115,85,848
538,2001/3/12,104,115,85,849
539,2001/3/19,104,115,84,849
540,2001/3/26,104,115,84,846
541,2001/4/2,104,115,84,846
542,2001/4/9,104,115,84,846
543,2001/4/16,104,115,85,847
544,2001/4/23,104,115,85,847
545,2001/5/7,104,115,84,847
546,2001/5/14,104,115,84,847
547,2001/5/21,104,114,84,847
548,2001/5/28,104,114,84,847
549,2001/6/4,103,114,84,846
550,2001/6/11,103,114,84,846
551,2001/6/18,103,114,83,846
552,2001/6/25,103,113,83,844
553,2001/7/2,103,113,83,844
554,2001/7/9,103,113,83,843
555,2001/7/16,103,113,83,843
556,2001/7/23,103,113,83,843
557,2001/7/30,102,113,83,843
558,2001/8/6,102,113,83,843
559,2001/8/13,102,113,83,843
560,2001/8/20,102,113,83,843
561,2001/8/27,102,112,82,843
562,2001/9/3,102,112,82,843
563,2001/9/10,101,112,82,844
564,2001/9/17,101,112,82,844
565,2001/9/25,101,112,82,844
566,2001/10/1,101,112,82,843
567,2001/10/9,101,112,82,841
568,2001/10/15,101,112,82,841
569,2001/10/22,101,112,82,841
570,2001/10/29,101,112,82,841
571,2001/11/5,101,112,82,831
572,2001/11/12,101,111,82,826
573,2001/11/19,100,111,81,818
574,2001/11/26,100,111,81,815
575,2001/12/3,100,111,81,804
576,2001/12/10,100,111,81,794
577,2001/12/17,99,110,80,787
578,2001/12/25,99,110,80,785
579,2002/1/7,99,109,79,782
580,2002/1/15,98,109,79,778
581,2002/1/21,98,109,79,778
582,2002/1/28,98,109,79,776
583,2002/2/4,98,109,79,773
584,2002/2/12,98,108,78,771
585,2002/2/18,98,108,78,771
586,2002/2/25,98,108,78,769
587,2002/3/4,97,108,78,765
588,2002/3/11,97,108,78,765
589,2002/3/18,97,108,78,765
590,2002/3/25,97,108,78,765
591,2002/4/1,97,108,78,764
592,2002/4/8,97,108,78,764
593,2002/4/15,98,109,79,762
594,2002/4/22,99,110,80,762
595,2002/4/30,99,110,80,762
596,2002/5/7,99,110,80,765
597,2002/5/13,100,111,81,772
598,2002/5/20,100,111,81,772
599,2002/5/27,101,111,81,776
600,2002/6/3,101,111,81,780
601,2002/6/10,101,111,81,781
602,2002/6/17,101,111,81,781
603,2002/6/24,100,111,81,781
604,2002/7/1,100,110,80,781
605,2002/7/8,100,110,80,781
606,2002/7/15,99,110,80,781
607,2002/7/22,99,110,80,782
608,2002/7/29,99,109,80,778
609,2002/8/5,98,109,79,778
610,2002/8/12,98,109,79,778
611,2002/8/19,98,108,78,778
612,2002/8/26,97,108,78,778
613,2002/9/2,97,108,78,776
614,2002/9/9,97,108,78,776
615,2002/9/17,97,108,78,777
616,2002/9/24,97,108,78,777
617,2002/9/30,97,108,78,777
618,2002/10/7,98,108,79,780
619,2002/10/15,98,109,79,776
620,2002/10/21,98,109,79,780
621,2002/10/28,99,110,80,780
622,2002/11/5,99,110,80,780
623,2002/11/11,99,110,80,778
624,2002/11/18,99,110,80,778
625,2002/11/25,99,110,80,780
626,2002/12/2,99,110,80,780
627,2002/12/9,99,110,80,783
628,2002/12/16,99,110,80,785
629,2002/12/24,99,110,80,787
630,2003/1/6,99,110,80,793
631,2003/1/14,99,110,80,803
632,2003/1/20,100,111,80,809
633,2003/1/27,100,111,80,812
634,2003/2/3,100,111,81,817
635,2003/2/10,101,112,81,826
636,2003/2/17,101,112,82,826
637,2003/2/24,102,112,82,828
638,2003/3/3,103,113,83,837
639,2003/3/10,103,113,83,840
640,2003/3/17,104,114,84,842
641,2003/3/24,104,115,85,843
642,2003/3/31,104,115,85,845
643,2003/4/7,105,115,85,849
644,2003/4/14,105,115,85,849
645,2003/4/21,105,115,85,849
646,2003/4/28,105,115,85,849
647,2003/5/6,105,115,85,850
648,2003/5/12,105,115,85,849
649,2003/5/19,104,115,84,849
650,2003/5/26,104,115,84,850
651,2003/6/2,104,115,84,849
652,2003/6/9,103,114,84,848
653,2003/6/16,103,114,84,847
654,2003/6/23,103,114,84,845
655,2003/6/30,103,114,84,845
656,2003/7/7,103,114,84,845
657,2003/7/14,103,114,84,845
658,2003/7/22,103,114,84,845
659,2003/7/28,103,114,84,845
660,2003/8/4,103,114,83,845
661,2003/8/11,103,114,83,845
662,2003/8/18,103,114,83,845
663,2003/8/25,103,114,83,845
664,2003/9/1,103,114,83,845
665,2003/9/8,103,114,83,845
666,2003/9/16,103,114,83,845
667,2003/9/22,103,113,83,844
668,2003/9/29,103,113,83,844
669,2003/10/6,103,113,83,842
670,2003/10/14,103,113,83,842
671,2003/10/20,103,113,83,843
672,2003/10/27,103,113,83,845
673,2003/11/4,103,113,83,843
674,2003/11/10,103,113,83,841
675,2003/11/17,102,113,83,838
676,2003/11/25,102,113,83,838
677,2003/12/1,102,113,83,838
678,2003/12/8,102,113,83,838
679,2003/12/15,102,113,83,838
680,2003/12/22,101,112,82,831
681,2004/1/5,101,112,82,831
682,2004/1/13,101,111,81,830
683,2004/1/19,101,111,81,830
684,2004/1/26,101,111,81,830
685,2004/2/2,101,111,81,829
686,2004/2/9,101,111,81,827
687,2004/2/16,101,111,81,825
688,2004/2/23,101,111,81,825
689,2004/3/1,101,111,81,825
690,2004/3/8,101,111,81,825
691,2004/3/15,101,111,81,825
692,2004/3/22,101,112,82,825
693,2004/3/29,101,112,82,825
694,2004/4/5,106,117,84,867
695,2004/4/12,106,117,85,866
696,2004/4/19,107,118,85,866
697,2004/4/26,107,118,85,869
698,2004/5/10,107,118,86,868
699,2004/5/17,107,119,86,867
700,2004/5/24,108,119,86,867
701,2004/5/31,108,119,87,872
702,2004/6/7,113,124,91,911
703,2004/6/14,113.3,124.6,91.6,912
704,2004/6/21,113.6,124.9,91.7,915
705,2004/6/28,113.8,125,91.9,916
706,2004/7/5,114.1,125.4,92.2,917
707,2004/7/12,114.2,125.4,92.3,917
708,2004/7/20,114.3,125.6,92.3,918
709,2004/7/26,114.3,125.6,92.3,919
710,2004/8/2,114.3,125.6,92.3,919
711,2004/8/9,114.2,125.5,92.3,922
712,2004/8/16,114.2,125.5,92.3,922
713,2004/8/23,114.3,125.5,92.3,923
714,2004/8/30,114.3,125.6,92.4,923
715,2004/9/6,117.6,128.9,95.3,976
716,2004/9/13,118.5,129.8,96.2,989
717,2004/9/21,119.1,130.4,96.6,992
718,2004/9/27,119.1,130.4,96.6,992
719,2004/10/4,119.1,130.4,96.6,992
720,2004/10/12,119,130.3,96.5,992
721,2004/10/18,118.6,129.9,96.2,993
722,2004/10/25,118.5,129.9,96.2,999
723,2004/11/1,118.7,130,96.4,"1,007"
724,2004/11/8,119.2,130.4,96.7,"1,023"
725,2004/11/15,119.1,130.3,96.7,"1,027"
726,2004/11/22,119.3,130.5,96.9,"1,028"
727,2004/11/29,119.3,130.5,96.9,"1,028"
728,2004/12/6,118.9,130.2,96.6,"1,029"
729,2004/12/13,118.5,129.7,96.3,"1,025"
730,2004/12/20,117.7,128.8,95.7,"1,019"
731,2005/1/4,117,128,95.2,"1,018"
732,2005/1/11,116.7,127.8,95,"1,017"
733,2005/1/17,116.5,127.5,94.9,"1,016"
734,2005/1/24,116.1,127.1,94.5,"1,015"
735,2005/1/31,116.1,127,94.5,"1,015"
736,2005/2/7,115.9,126.8,94.4,"1,015"
737,2005/2/14,115.7,126.7,94.3,"1,014"
738,2005/2/21,115.7,126.6,94.2,"1,014"
739,2005/2/28,115.6,126.5,94.1,"1,015"
740,2005/3/7,115.6,126.6,94.2,"1,017"
741,2005/3/14,115.6,126.6,94.2,"1,020"
742,2005/3/22,115.8,126.7,94.3,"1,023"
743,2005/3/28,115.8,126.7,94.3,"1,024"
744,2005/4/4,120,131,98.6,"1,099"
745,2005/4/11,120.3,131.4,99,"1,103"
746,2005/4/18,120.3,131.4,99,"1,105"
747,2005/4/25,120.6,131.7,99.3,"1,105"
748,2005/5/2,121.7,132.6,100.3,"1,119"
749,2005/5/9,121.8,132.9,100.6,"1,129"
750,2005/5/16,122.6,133.7,101.3,"1,141"
751,2005/5/23,123.1,134.2,101.8,"1,148"
752,2005/5/30,123,134.2,101.7,"1,148"
753,2005/6/6,122.9,134,101.5,"1,147"
754,2005/6/13,122.9,134.1,101.6,"1,154"
755,2005/6/20,122.9,134.1,101.6,"1,154"
756,2005/6/27,122.8,134,101.5,"1,154"
757,2005/7/4,124.2,135.5,102.9,"1,182"
758,2005/7/11,125.4,136.6,104,"1,202"
759,2005/7/19,125.3,136.6,104,"1,204"
760,2005/7/25,125.4,136.6,104.1,"1,204"
761,2005/8/1,127.4,138.6,106.1,"1,227"
762,2005/8/8,128.2,139.3,107,"1,238"
763,2005/8/15,128.6,139.6,107.3,"1,248"
764,2005/8/22,128.4,139.4,107.2,"1,251"
765,2005/8/29,128.4,139.1,107.2,"1,252"
766,2005/9/5,129.4,140.1,108.3,"1,268"
767,2005/9/12,129.8,140.6,108.6,"1,273"
768,2005/9/20,129.9,140.7,108.8,"1,272"
769,2005/9/26,129.9,140.7,108.8,"1,273"
770,2005/10/3,130,140.9,108.9,"1,276"
771,2005/10/11,130,140.9,108.9,"1,277"
772,2005/10/17,130.2,141,109,"1,277"
773,2005/10/24,130.3,141.1,109.1,"1,278"
774,2005/10/31,130.2,141.1,109,"1,277"
775,2005/11/7,130.1,140.9,109,"1,274"
776,2005/11/14,129.9,141,108.7,"1,272"
777,2005/11/21,129.9,140.8,108.6,"1,271"
778,2005/11/28,129.4,140.4,108.3,"1,272"
779,2005/12/5,129,140,108.1,"1,271"
780,2005/12/12,128.4,139.4,107.5,"1,269"
781,2005/12/19,128.7,139.6,107.7,"1,267"
782,2005/12/26,128.7,139.6,107.7,"1,269"
783,2006/1/4,128.6,139.6,107.7,"1,274"
784,2006/1/10,128.9,139.9,107.9,"1,292"
785,2006/1/16,129.4,140.3,108.4,"1,324"
786,2006/1/23,129.2,140.2,108.3,"1,341"
787,2006/1/30,129.3,140.3,108.2,"1,341"
788,2006/2/6,130,141.1,108.8,"1,377"
789,2006/2/13,130.2,141.2,109.2,"1,398"
790,2006/2/20,130.2,141.2,109.2,"1,401"
791,2006/2/27,130.2,141.2,109.1,"1,405"
792,2006/3/6,130.7,141.5,109.5,"1,407"
793,2006/3/13,130.9,141.7,109.7,"1,405"
794,2006/3/20,131,141.8,109.8,"1,405"
795,2006/3/27,131,141.8,109.8,"1,405"
796,2006/4/3,130.9,141.8,109.8,"1,407"
797,2006/4/10,130.9,141.7,109.7,"1,405"
798,2006/4/17,131.1,141.9,109.9,"1,405"
799,2006/4/24,131.4,142.2,110.3,"1,403"
800,2006/5/1,134,144.7,112.8,"1,435"
801,2006/5/8,135.5,146.3,114.4,"1,443"
802,2006/5/15,135.8,146.6,114.8,"1,446"
803,2006/5/22,135.9,146.5,115,"1,450"
804,2006/5/29,136,146.6,115.1,"1,450"
805,2006/6/5,136.4,147,115.4,"1,451"
806,2006/6/12,136.3,146.9,115.4,"1,451"
807,2006/6/19,136.3,146.9,115.3,"1,451"
808,2006/6/26,136.2,146.8,115.2,"1,451"
809,2006/7/3,136.3,146.8,115.1,"1,452"
810,2006/7/10,136.4,146.9,115.5,"1,452"
811,2006/7/18,136.2,146.7,115.3,"1,452"
812,2006/7/24,136.7,147.2,115.7,"1,455"
813,2006/7/31,137,147.5,116.1,"1,456"
814,2006/8/7,142.8,153.3,121.8,"1,557"
815,2006/8/14,142.8,153.3,121.8,"1,556"
816,2006/8/21,142.9,153.5,122,"1,556"
817,2006/8/28,142.9,153.5,122,"1,556"
818,2006/9/4,143.4,153.9,122.4,"1,556"
819,2006/9/11,143.3,153.8,122.3,"1,552"
820,2006/9/19,143.4,153.9,122.5,"1,550"
821,2006/9/25,143.4,153.9,122.4,"1,550"
822,2006/10/2,142.9,153.4,122,"1,538"
823,2006/10/10,141.8,152.4,120.9,"1,518"
824,2006/10/16,141.2,151.8,120.3,"1,505"
825,2006/10/23,140.8,151.4,120,"1,499"
826,2006/10/30,139.8,150.4,118.7,"1,471"
827,2006/11/6,137.8,148.2,117,"1,428"
828,2006/11/13,137.2,147.6,116.4,"1,420"
829,2006/11/20,136.6,147,115.8,"1,416"
830,2006/11/27,135.7,146.3,115,"1,406"
831,2006/12/4,135.4,145.8,115,"1,402"
832,2006/12/11,134.9,145.3,114.4,"1,400"
833,2006/12/18,134.4,144.8,114.2,"1,396"
834,2006/12/25,134.3,144.7,114.2,"1,395"
835,2007/1/4,134,144.5,114,"1,396"
836,2007/1/9,133.9,144.3,113.8,"1,395"
837,2007/1/15,133.5,143.9,113.4,"1,395"
838,2007/1/22,133.3,143.7,113.2,"1,393"
839,2007/1/29,132.5,143,112.4,"1,390"
840,2007/2/5,130.7,141.2,110.7,"1,374"
841,2007/2/13,129.4,140,109.8,"1,353"
842,2007/2/19,129,139.6,109.4,"1,349"
843,2007/2/26,128.8,139.3,109.2,"1,347"
844,2007/3/5,128.2,138.7,108.7,"1,336"
845,2007/3/12,128.7,139.2,109.2,"1,335"
846,2007/3/19,129,139.6,109.4,"1,334"
847,2007/3/26,129.1,139.6,109.5,"1,334"
848,2007/4/2,127.8,138.4,108,"1,313"
849,2007/4/9,128.6,139.2,108.8,"1,311"
850,2007/4/16,129.1,139.7,109.3,"1,314"
851,2007/4/23,129.4,140,109.7,"1,317"
852,2007/5/1,134.3,144.8,114.6,"1,367"
853,2007/5/7,135.4,145.9,115.8,"1,385"
854,2007/5/14,136.5,147,116.8,"1,401"
855,2007/5/21,135.9,146.4,116.4,"1,400"
856,2007/5/28,135.8,146.3,116.2,"1,403"
857,2007/6/4,137.2,147.6,117.5,"1,418"
858,2007/6/11,138.6,149,118.8,"1,422"
859,2007/6/18,138.5,148.9,118.8,"1,427"
860,2007/6/25,138.3,148.7,118.6,"1,426"
861,2007/7/2,139,149.5,119.4,"1,435"
862,2007/7/9,140.1,150.6,120.4,"1,445"
863,2007/7/17,140.2,150.7,120.2,"1,450"
864,2007/7/23,140.5,151,120.4,"1,451"
865,2007/7/30,140.7,151.1,120.6,"1,453"
866,2007/8/6,143.7,154.1,123.5,"1,475"
867,2007/8/13,144.2,154.7,123.8,"1,481"
868,2007/8/20,144.2,154.7,123.7,"1,480"
869,2007/8/27,144.2,154.7,123.8,"1,480"
870,2007/9/3,143.6,154.1,123.2,"1,474"
871,2007/9/10,142.8,153.3,122.5,"1,468"
872,2007/9/18,142.6,153.1,122.2,"1,470"
873,2007/9/25,142.4,152.9,122.1,"1,467"
874,2007/10/1,142.7,153.2,122.4,"1,472"
875,2007/10/9,143,153.5,122.6,"1,476"
876,2007/10/15,142.8,153.2,122.3,"1,478"
877,2007/10/22,142.5,152.9,122.1,"1,482"
878,2007/10/29,143.5,154,123,"1,490"
879,2007/11/5,147.7,158.2,127.4,"1,553"
880,2007/11/12,148.7,159.2,128.4,"1,569"
881,2007/11/19,148.8,159.3,128.5,"1,578"
882,2007/11/26,148.8,159.2,128.4,"1,599"
883,2007/12/3,153.9,164.4,133.5,"1,764"
884,2007/12/10,154.8,165.4,134.6,"1,775"
885,2007/12/17,154.7,165.3,134.4,"1,779"
886,2007/12/25,154.5,165,134.2,"1,779"
887,2008/1/7,154.2,164.8,134,"1,778"
888,2008/1/15,153.8,164.4,133.6,"1,778"
889,2008/1/21,153.3,163.8,133.2,"1,776"
890,2008/1/28,153.3,163.9,133.3,"1,775"
891,2008/2/4,153.3,163.8,133.3,"1,775"
892,2008/2/12,153.6,164.2,133.4,"1,773"
893,2008/2/18,153.7,164.3,133.5,"1,764"
894,2008/2/25,153.6,164.3,133.4,"1,762"
895,2008/3/3,153.9,164.6,133.8,"1,760"
896,2008/3/10,154.5,165,134.5,"1,758"
897,2008/3/17,154.7,165.2,134.6,"1,755"
898,2008/3/24,154.2,164.8,134.1,"1,757"
899,2008/3/31,154.2,164.7,134.1,"1,757"
900,2008/4/7,130.5,141.1,118.6,"1,763"
901,2008/4/14,129.6,140.1,118.2,"1,764"
902,2008/4/21,131.5,142,119.7,"1,768"
903,2008/4/28,131.1,141.6,119.3,"1,769"
904,2008/5/7,159.7,169.9,139.9,"1,810"
905,2008/5/12,159.6,170.2,139.5,"1,814"
906,2008/5/19,160,170.6,140,"1,821"
907,2008/5/26,160.2,170.8,140.1,"1,838"
908,2008/6/2,172.4,183.1,152.4,"2,034"
909,2008/6/9,172.4,183.2,152.6,"2,061"
910,2008/6/16,172.3,183.1,152.5,"2,063"
911,2008/6/23,172,182.9,152.4,"2,073"
912,2008/6/30,172.1,182.9,152.4,"2,076"
913,2008/7/7,182.4,193,162.5,"2,349"
914,2008/7/14,182,192.7,162.1,"2,356"
915,2008/7/22,181.6,192.3,161.8,"2,357"
916,2008/7/28,181.1,191.8,161.5,"2,359"
917,2008/8/4,187.2,198,167.5,"2,431"
918,2008/8/11,186.2,196.9,167,"2,430"
919,2008/8/18,183.8,194.3,165.3,"2,427"
920,2008/8/25,181,191.6,163.5,"2,412"
921,2008/9/1,176.1,186.8,158.5,"2,310"
922,2008/9/8,174,184.7,156.5,"2,290"
923,2008/9/16,172.6,183.2,155.5,"2,282"
924,2008/9/22,169.4,180,153,"2,264"
925,2008/9/29,166.1,176.7,150.3,"2,248"
926,2008/10/6,160.9,171.5,145,"2,106"
927,2008/10/14,160,170.5,144,"2,083"
928,2008/10/20,156.2,166.9,140.2,"1,999"
929,2008/10/27,150.6,161.3,135.9,"1,947"
930,2008/11/4,140.4,150.8,127.7,"1,704"
931,2008/11/10,135.8,146.3,125.1,"1,680"
932,2008/11/17,132.1,142.7,122.4,"1,532"
933,2008/11/25,127.4,137.9,119.4,"1,456"
934,2008/12/1,121.5,132,115.6,"1,401"
935,2008/12/8,116.9,127.4,112.4,"1,363"
936,2008/12/15,112.7,123.3,108.4,"1,331"
937,2008/12/22,109.2,119.7,105.3,"1,265"
938,2009/1/5,104,114.7,101,"1,217"
939,2009/1/13,102.3,113,99.5,"1,184"
940,2009/1/19,104.1,114.7,100.4,"1,181"
941,2009/1/26,105.7,116.3,101.5,"1,183"
942,2009/2/2,106.9,117.5,101.5,"1,190"
943,2009/2/9,106.8,117.4,101.2,"1,191"
944,2009/2/16,106.8,117.4,100.9,"1,191"
945,2009/2/23,107.2,117.7,100,"1,156"
946,2009/3/2,109.1,119.6,99.8,"1,126"
947,2009/3/9,109.6,120.1,99.4,"1,107"
948,2009/3/16,111.2,121.7,99.2,"1,086"
949,2009/3/23,111.8,122.3,99.1,"1,056"
950,2009/3/30,111.1,121.6,98.2,"1,052"
951,2009/4/6,112.2,122.7,98.4,"1,052"
952,2009/4/13,112.6,123.1,98.4,"1,047"
953,2009/4/20,114.1,124.7,99.2,"1,054"
954,2009/4/27,115.6,126.1,99.6,"1,063"
955,2009/5/7,115.1,125.6,99.2,"1,068"
956,2009/5/11,115.3,125.8,99.2,"1,070"
957,2009/5/18,116.3,126.8,100.1,"1,072"
958,2009/5/25,118.6,129.2,100.7,"1,084"
959,2009/6/1,119.5,130.1,101.3,"1,093"
960,2009/6/8,120.5,131,101.5,"1,098"
961,2009/6/15,120.6,131.1,101.6,"1,098"
962,2009/6/22,120.9,131.3,101.4,"1,100"
963,2009/6/29,122.2,132.6,103.1,"1,112"
964,2009/7/6,124.7,135.3,105.5,"1,170"
965,2009/7/13,124.9,135.5,105.6,"1,182"
966,2009/7/21,124.9,135.4,105.8,"1,186"
967,2009/7/27,125.6,136.1,106.2,"1,190"
968,2009/8/3,125.6,136.1,106.2,"1,193"
969,2009/8/10,125.1,135.7,105.8,"1,195"
970,2009/8/17,125.2,135.7,105.9,"1,194"
971,2009/8/24,125.7,136.3,106.5,"1,204"
972,2009/8/31,126.7,137.3,107.5,"1,210"
973,2009/9/7,127.9,138.5,108.8,"1,238"
974,2009/9/14,128.5,139,109.5,"1,246"
975,2009/9/24,128,138.5,108.9,"1,246"
976,2009/9/28,128,138.5,109.1,"1,244"
977,2009/10/5,128,138.5,109.3,"1,247"
978,2009/10/13,127.7,138.2,109,"1,246"
979,2009/10/19,127.7,138.3,108.9,"1,234"
980,2009/10/26,127.4,137.9,108.8,"1,214"
981,2009/11/2,127.2,137.7,108.4,"1,212"
982,2009/11/9,127,137.6,108.2,"1,211"
983,2009/11/16,127,137.6,108.2,"1,229"
984,2009/11/24,126.7,137.3,108.1,"1,237"
985,2009/11/30,127,137.6,108.4,"1,242"
986,2009/12/7,126.8,137.4,108.4,"1,250"
987,2009/12/14,126.3,136.9,108.1,"1,251"
988,2009/12/21,125.9,136.4,107.8,"1,251"
989,2010/1/5,124.9,135.5,107.1,"1,252"
990,2010/1/12,124.6,135.1,106.9,"1,255"
991,2010/1/18,125.3,135.8,107.4,"1,287"
992,2010/1/25,126.9,137.4,109,"1,308"
993,2010/2/1,127.1,137.6,109.2,"1,329"
994,2010/2/8,126.9,137.4,109,"1,332"
995,2010/2/15,126.6,137.1,108.8,"1,325"
996,2010/2/22,126.3,136.8,108.4,"1,317"
997,2010/3/1,126.1,136.6,108.2,"1,303"
998,2010/3/8,127.2,137.7,109.5,"1,297"
999,2010/3/15,128.1,138.6,110.1,"1,296"
1000,2010/3/23,128.8,139.2,110.8,"1,296"
1001,2010/3/29,129.3,139.7,111.3,"1,295"
1002,2010/4/5,130.3,140.8,112.5,"1,297"
1003,2010/4/12,132,142.4,114.3,"1,298"
1004,2010/4/19,135.3,145.7,117.4,"1,341"
1005,2010/4/26,138.2,148.6,120.6,"1,375"
1006,2010/5/6,139.6,150.2,121.9,"1,407"
1007,2010/5/10,140.2,150.8,122.5,"1,424"
1008,2010/5/17,141.1,151.6,123.3,"1,436"
1009,2010/5/24,141.2,151.7,123.4,"1,437"
1010,2010/5/31,141.1,151.6,123.3,"1,441"
1011,2010/6/7,141,151.6,123.3,"1,440"
1012,2010/6/14,140.7,151.1,122.8,"1,436"
1013,2010/6/21,140.3,150.8,122.4,"1,427"
1014,2010/6/28,140.2,150.7,122.3,"1,425"
1015,2010/7/5,140.1,150.6,122.4,"1,423"
1016,2010/7/12,139.4,149.9,121.6,"1,420"
1017,2010/7/20,138.3,148.8,120.7,"1,415"
1018,2010/7/26,137.9,148.4,120.3,"1,414"
1019,2010/8/2,136.5,147,118.9,"1,412"
1020,2010/8/9,136.1,146.6,118.6,"1,413"
1021,2010/8/16,135.7,146.1,118.3,"1,413"
1022,2010/8/23,135.3,145.7,117.9,"1,411"
1023,2010/8/30,135.2,145.7,117.8,"1,412"
1024,2010/9/6,136.2,146.8,118.3,"1,385"
1025,2010/9/13,136.1,146.6,118.3,"1,383"
1026,2010/9/21,135,145.5,117.2,"1,377"
1027,2010/9/27,134.2,144.7,116.5,"1,377"
1028,2010/10/4,134.8,145.3,117,"1,375"
1029,2010/10/12,134,144.5,116.2,"1,370"
1030,2010/10/18,134.3,144.8,116.5,"1,369"
1031,2010/10/25,134.3,144.8,116.6,"1,368"
1032,2010/11/1,134,144.5,116.3,"1,367"
1033,2010/11/8,133.6,144.1,116,"1,367"
1034,2010/11/15,133.1,143.6,115.5,"1,367"
1035,2010/11/22,133.1,143.7,115.5,"1,380"
1036,2010/11/29,134.4,144.9,116.9,"1,386"
1037,2010/12/6,135.3,145.8,118.1,"1,395"
1038,2010/12/13,136.2,146.6,118.8,"1,401"
1039,2010/12/20,137.3,147.8,120,"1,423"
1040,2011/1/5,137.6,148,120.2,"1,449"
1041,2011/1/11,138.4,148.9,121.1,"1,504"
1042,2011/1/17,140,150.5,122.8,"1,530"
1043,2011/1/24,139.8,150.3,122.7,"1,531"
1044,2011/1/31,138.9,149.5,121.8,"1,551"
1045,2011/2/7,138.4,148.9,121.6,"1,572"
1046,2011/2/14,138.1,148.6,121.6,"1,581"
1047,2011/2/21,137.3,147.8,120.5,"1,584"
1048,2011/2/28,138.8,149.2,121.9,"1,586"
1049,2011/3/7,143.3,153.8,126.9,"1,619"
1050,2011/3/14,147.9,158.4,131.3,"1,656"
1051,2011/3/22,150,160.6,133.4,"1,688"
1052,2011/3/28,150.1,160.6,133.4,"1,688"
1053,2011/4/4,150.1,160.7,133.6,"1,686"
1054,2011/4/11,150.6,161.2,134.1,"1,686"
1055,2011/4/18,152,162.6,135.6,"1,702"
1056,2011/4/25,154.5,165.1,138.1,"1,720"
1057,2011/5/2,154.4,165.1,138.1,"1,733"
1058,2011/5/9,153.9,164.5,137.7,"1,737"
1059,2011/5/16,153.5,164.2,137.3,"1,740"
1060,2011/5/23,151.8,162.4,135.4,"1,728"
1061,2011/5/30,149.6,160.3,133.1,"1,711"
1062,2011/6/6,148.3,159,131.9,"1,701"
1063,2011/6/13,149,159.7,132.7,"1,701"
1064,2011/6/20,149.6,160.2,133.3,"1,699"
1065,2011/6/27,150.6,161.3,134.2,"1,700"
1066,2011/7/4,150.5,161.2,134.1,"1,687"
1067,2011/7/11,149.8,160.5,133.4,"1,669"
1068,2011/7/19,149.8,160.5,133.5,"1,666"
1069,2011/7/25,150.7,161.4,134.4,"1,661"
1070,2011/8/1,150.6,161.3,134.3,"1,660"
1071,2011/8/8,150.4,161,134,"1,659"
1072,2011/8/15,148.8,159.5,132.5,"1,655"
1073,2011/8/22,146.8,157.5,130.5,"1,628"
1074,2011/8/29,145.3,156.1,128.9,"1,607"
1075,2011/9/5,143.9,154.7,127.6,"1,598"
1076,2011/9/12,142.5,153.2,126.3,"1,594"
1077,2011/9/20,141.9,152.7,125.9,"1,589"
1078,2011/9/26,141.5,152.2,125.4,"1,586"
1079,2011/10/3,141.3,152.1,125.2,"1,567"
1080,2011/10/11,141.7,152.4,125.5,"1,556"
1081,2011/10/17,142.4,153.1,126,"1,550"
1082,2011/10/24,142.7,153.4,126.5,"1,549"
1083,2011/10/31,142.6,153.3,126.5,"1,548"
1084,2011/11/7,142.7,153.4,126.5,"1,544"
1085,2011/11/14,143.2,153.9,127,"1,560"
1086,2011/11/21,145.3,156,129.2,"1,610"
1087,2011/11/28,145.6,156.3,129.5,"1,616"
1088,2011/12/5,145.5,156.3,129.4,"1,616"
1089,2011/12/12,145.4,156.1,129.3,"1,615"
1090,2011/12/19,145.4,156.1,129.4,"1,615"
1091,2011/12/26,145.4,156.1,129.4,"1,615"
1092,2012/1/5,145.3,156,129.3,"1,616"
1093,2012/1/10,145.3,156,129.2,"1,616"
1094,2012/1/16,144.9,155.6,128.9,"1,615"
1095,2012/1/23,144.1,154.8,128,"1,614"
1096,2012/1/30,143.1,153.8,127,"1,613"
1097,2012/2/6,142.2,152.9,126.1,"1,613"
1098,2012/2/13,142,152.7,126,"1,612"
1099,2012/2/20,143.8,154.5,128,"1,612"
1100,2012/2/27,145.5,156.2,129.9,"1,617"
1101,2012/3/5,149.3,159.9,133.5,"1,691"
1102,2012/3/12,155.1,165.7,139.6,"1,717"
1103,2012/3/19,157.5,168.1,142,"1,726"
1104,2012/3/26,160.2,170.8,144.4,"1,766"
1105,2012/4/2,160.5,171.2,144.9,"1,772"
1106,2012/4/9,159.4,170.1,143.7,"1,779"
1107,2012/4/16,158.1,168.8,142.3,"1,777"
1108,2012/4/23,155.6,166.2,139.6,"1,738"
1109,2012/5/1,152.4,163.1,136.5,"1,725"
1110,2012/5/7,151.1,161.8,135.3,"1,711"
1111,2012/5/14,150.3,160.9,134.4,"1,700"
1112,2012/5/21,147.2,157.9,131.2,"1,657"
1113,2012/5/28,144.6,155.2,128.5,"1,646"
1114,2012/6/4,143.2,154,127.2,"1,636"
1115,2012/6/11,141.5,152.2,125.5,"1,604"
1116,2012/6/18,139.7,150.3,123.8,"1,584"
1117,2012/6/25,138.2,148.8,122.4,"1,572"
1118,2012/7/2,136.8,147.3,120.9,"1,544"
1119,2012/7/9,136.9,147.5,120.9,"1,534"
1120,2012/7/17,137.5,148.2,121.5,"1,525"
1121,2012/7/23,137.3,147.9,121.5,"1,528"
1122,2012/7/30,137.2,147.9,121.5,"1,527"
1123,2012/8/6,138,148.7,122.2,"1,525"
1124,2012/8/13,140,150.7,124.1,"1,525"
1125,2012/8/20,142.4,153,126.5,"1,540"
1126,2012/8/27,146.8,157.4,130.8,"1,562"
1127,2012/9/3,148.2,158.9,132.3,"1,609"
1128,2012/9/10,147.9,158.5,131.9,"1,614"
1129,2012/9/18,147.7,158.4,131.5,"1,614"
1130,2012/9/24,147.5,158.2,131.4,"1,613"
1131,2012/10/1,148.5,159.1,132.3,"1,612"
1132,2012/10/9,148.2,158.8,132,"1,615"
1133,2012/10/15,148,158.6,131.8,"1,615"
1134,2012/10/22,147.2,157.8,131,"1,613"
1135,2012/10/29,147,157.6,130.8,"1,615"
1136,2012/11/5,146.3,156.9,130.2,"1,614"
1137,2012/11/12,145.9,156.6,129.7,"1,612"
1138,2012/11/19,144.6,155.2,128.5,"1,610"
1139,2012/11/26,144,154.6,127.9,"1,609"
1140,2012/12/3,146.2,156.8,130,"1,617"
1141,2012/12/10,147.1,157.7,130.9,"1,669"
1142,2012/12/17,148.1,158.7,131.9,"1,688"
1143,2012/12/25,147.9,158.5,131.9,"1,687"
1144,2013/1/7,150.5,161.1,134.3,"1,703"
1145,2013/1/15,152.1,162.7,135.9,"1,769"
1146,2013/1/21,153.7,164.3,137.5,"1,785"
1147,2013/1/28,154.1,164.7,137.9,"1,836"
1148,2013/2/4,154.7,165.3,138.4,"1,846"
1149,2013/2/12,157.6,168.3,141.3,"1,850"
1150,2013/2/18,158.9,169.4,142.6,"1,852"
1151,2013/2/25,158.8,169.3,142.4,"1,852"
1152,2013/3/4,158.3,168.9,141.9,"1,849"
1153,2013/3/11,157.8,168.4,141.4,"1,832"
1154,2013/3/18,156.4,167.1,140.2,"1,811"
1155,2013/3/25,155.9,166.5,139.6,"1,791"
1156,2013/4/1,155.8,166.5,139.6,"1,766"
1157,2013/4/8,155.5,166.1,139.4,"1,753"
1158,2013/4/15,155.1,165.7,138.9,"1,750"
1159,2013/4/22,154.1,164.9,137.9,"1,749"
1160,2013/4/30,153,163.7,136.9,"1,745"
1161,2013/5/7,150.6,161.3,134.6,"1,740"
1162,2013/5/13,150.2,160.9,134.1,"1,739"
1163,2013/5/20,150.8,161.5,134.8,"1,738"
1164,2013/5/27,151.2,161.8,135.1,"1,739"
1165,2013/6/3,151.1,161.7,135,"1,738"
1166,2013/6/10,150.9,161.5,134.8,"1,738"
1167,2013/6/17,150.8,161.4,134.7,"1,738"
1168,2013/6/24,151.3,161.9,135.2,"1,737"
1169,2013/7/1,151.4,162,135.3,"1,738"
1170,2013/7/8,152,162.7,135.9,"1,738"
1171,2013/7/16,155.3,165.9,139.1,"1,742"
1172,2013/7/22,156.3,166.9,140.1,"1,744"
1173,2013/7/29,157.9,168.4,141.7,"1,751"
1174,2013/8/5,158.2,168.7,141.8,"1,758"
1175,2013/8/12,157.8,168.5,141.5,"1,757"
1176,2013/8/19,157.8,168.3,141.4,"1,758"
1177,2013/8/26,158.5,169.1,142.2,"1,758"
1178,2013/9/2,159.4,169.9,143,"1,761"
1179,2013/9/9,161.1,171.7,144.6,"1,789"
1180,2013/9/17,161.5,172.1,145,"1,794"
1181,2013/9/24,161.3,171.9,144.8,"1,795"
1182,2013/9/30,160.4,171,143.8,"1,799"
1183,2013/10/7,159,169.5,142.5,"1,798"
1184,2013/10/15,158.8,169.4,142.4,"1,796"
1185,2013/10/21,160.7,171.3,144.2,"1,800"
1186,2013/10/28,160.4,171,144,"1,804"
1187,2013/11/5,158.6,169.2,142.2,"1,832"
1188,2013/11/11,158.3,168.9,142,"1,835"
1189,2013/11/18,157.4,167.9,141.2,"1,837"
1190,2013/11/25,155.4,165.9,139.2,"1,833"
1191,2013/12/2,155,165.7,139.1,"1,834"
1192,2013/12/9,157.2,167.8,141.2,"1,835"
1193,2013/12/16,158,168.6,142.1,"1,839"
1194,2013/12/24,159.2,169.8,143.2,"1,874"
1195,2014/1/6,159.8,170.4,143.9,"1,884"
1196,2014/1/14,159.6,170.2,143.6,"1,885"
1197,2014/1/20,159.5,170.1,143.6,"1,886"
1198,2014/1/27,159.4,170,143.5,"1,887"
1199,2014/2/3,159.8,170.5,143.9,"1,887"
1200,2014/2/10,159.4,170,143.5,"1,852"
1201,2014/2/17,158.6,169.3,142.6,"1,843"
1202,2014/2/24,158.6,169.3,142.5,"1,842"
1203,2014/3/3,158.4,169,142.4,"1,837"
1204,2014/3/10,158.3,168.9,142.3,"1,820"
1205,2014/3/17,157.8,168.4,141.7,"1,818"
1206,2014/3/24,158.8,169.4,142.8,"1,818"
1207,2014/4/1,165,175.6,147.1,"1,868"
1208,2014/4/7,164.5,175.1,146.4,"1,862"
1209,2014/4/14,165.1,175.7,146.9,"1,866"
1210,2014/4/21,165,175.6,146.8,"1,898"
1211,2014/4/28,165,175.7,146.8,"1,901"
1212,2014/5/7,164.9,175.6,146.7,"1,902"
1213,2014/5/12,165.6,176.3,147.4,"1,902"
1214,2014/5/19,166.2,176.8,147.9,"1,903"
1215,2014/5/26,166.1,176.8,147.8,"1,902"
1216,2014/6/2,166.1,176.8,147.9,"1,902"
1217,2014/6/9,166.9,177.5,148.7,"1,902"
1218,2014/6/16,167,177.7,148.6,"1,903"
1219,2014/6/23,166.4,177.2,148,"1,903"
1220,2014/6/30,168.2,178.9,149.7,"1,907"
1221,2014/7/7,169.3,180,150.7,"1,913"
1222,2014/7/14,169.3,180,150.8,"1,915"
1223,2014/7/22,168.8,179.6,150.4,"1,916"
1224,2014/7/28,168.3,179.1,149.6,"1,914"
1225,2014/8/4,167.7,178.5,148.8,"1,914"
1226,2014/8/11,167.3,178,148.4,"1,913"
1227,2014/8/18,167.2,178,148.3,"1,912"
1228,2014/8/25,167,177.8,148,"1,912"
1229,2014/9/1,166.8,177.6,147.9,"1,909"
1230,2014/9/8,166.5,177.3,147.6,"1,909"
1231,2014/9/16,166.1,176.8,147.5,"1,907"
1232,2014/9/22,165.7,176.5,147.1,"1,906"
1233,2014/9/29,165.3,176,146.7,"1,905"
1234,2014/10/6,164.9,175.7,146.5,"1,895"
1235,2014/10/14,164.4,175.1,145.9,"1,892"
1236,2014/10/20,163.2,173.9,144.8,"1,887"
1237,2014/10/27,161.1,171.9,142.7,"1,863"
1238,2014/11/4,159.6,170.3,141.3,"1,830"
1239,2014/11/10,159.4,170.1,141,"1,825"
1240,2014/11/17,159.1,169.8,140.7,"1,822"
1241,2014/11/25,157.9,168.7,139.6,"1,821"
1242,2014/12/1,157.3,168,139,"1,798"
1243,2014/12/8,156,166.8,137.7,"1,773"
1244,2014/12/15,153,163.7,134.6,"1,731"
1245,2014/12/22,149.7,160.5,131.3,"1,681"
1246,2015/1/5,145.7,156.4,127.5,"1,612"
1247,2015/1/13,142.8,153.5,124.4,"1,559"
1248,2015/1/19,139.2,149.8,120.8,"1,500"
1249,2015/1/26,135.2,145.8,116.7,"1,434"
1250,2015/2/2,132.5,143.3,114,"1,398"
1251,2015/2/9,131.2,142,112.8,"1,376"
1252,2015/2/16,134.1,144.9,115.4,"1,376"
1253,2015/2/23,136.9,147.7,117.8,"1,381"
1254,2015/3/2,139.1,149.9,120,"1,421"
1255,2015/3/9,140.6,151.4,121.7,"1,426"
1256,2015/3/16,140.6,151.4,121.7,"1,426"
1257,2015/3/23,140.1,150.9,121.2,"1,425"
1258,2015/3/30,139,149.8,120.2,"1,424"
1259,2015/4/6,137.2,148,118.2,"1,427"
1260,2015/4/13,136.3,147.1,117.4,"1,426"
1261,2015/4/20,136.4,147.2,117.5,"1,426"
1262,2015/4/27,136.9,147.7,118.1,"1,426"
1263,2015/5/7,137.8,148.6,119,"1,427"
1264,2015/5/11,139,149.9,120.2,"1,427"
1265,2015/5/18,139.5,150.3,120.7,"1,428"
1266,2015/5/25,141.4,152.3,122.5,"1,430"
1267,2015/6/1,142.3,153.1,123.3,"1,433"
1268,2015/6/8,142,152.8,123.1,"1,433"
1269,2015/6/15,143.6,154.4,124.6,"1,435"
1270,2015/6/22,144.9,155.7,125.7,"1,451"
1271,2015/6/29,144.7,155.5,125.5,"1,457"
1272,2015/7/6,144.3,155.1,125.2,"1,459"
1273,2015/7/13,144,154.8,124.8,"1,459"
1274,2015/7/21,143,153.8,123.9,"1,459"
1275,2015/7/27,141.9,152.7,122.8,"1,457"
1276,2015/8/3,139.7,150.5,120.7,"1,439"
1277,2015/8/10,138.3,149.1,119.3,"1,427"
1278,2015/8/17,135.2,146,116.2,"1,420"
1279,2015/8/24,132.2,143,113.4,"1,389"
1280,2015/8/31,130.9,141.8,112,"1,382"
1281,2015/9/7,130,140.9,111,"1,371"
1282,2015/9/14,131.8,142.6,112.6,"1,370"
1283,2015/9/24,133.5,144.3,114,"1,358"
1284,2015/9/28,133.1,144,113.7,"1,353"
1285,2015/10/5,132.2,143.1,112.8,"1,316"
1286,2015/10/13,131.4,142.2,112,"1,305"
1287,2015/10/19,131.8,142.6,112.4,"1,299"
1288,2015/10/26,133.6,144.4,114.1,"1,298"
1289,2015/11/2,131.7,142.5,112.3,"1,278"
1290,2015/11/9,131.3,142.1,111.9,"1,272"
1291,2015/11/16,130.6,141.4,111.3,"1,267"
1292,2015/11/24,128.3,139.1,109.4,"1,264"
1293,2015/11/30,126.6,137.4,108.2,"1,260"
1294,2015/12/7,125.2,136.1,107.5,"1,257"
1295,2015/12/14,124.1,135,106.7,"1,236"
1296,2015/12/21,121.5,132.2,104.3,"1,199"
1297,2016/1/4,118.4,129.3,101.9,"1,152"
1298,2016/1/12,116.8,127.6,100.6,"1,133"
1299,2016/1/18,115.1,126,99.2,"1,090"
1300,2016/1/25,112.4,123.3,96.9,"1,068"
1301,2016/2/1,110.2,121,94.9,"1,058"
1302,2016/2/8,110.8,121.7,95.3,"1,064"
1303,2016/2/15,111.5,122.3,95.9,"1,061"
1304,2016/2/22,109.6,120.4,94.2,"1,056"
1305,2016/2/29,109.8,120.6,94.5,"1,055"
1306,2016/3/7,110.6,121.4,95.2,"1,056"
1307,2016/3/14,112.1,123,96.6,"1,057"
1308,2016/3/22,113.1,123.9,97.4,"1,057"
1309,2016/3/28,112.9,123.7,97.1,"1,056"
1310,2016/4/4,114.6,125.5,98.5,"1,056"
1311,2016/4/11,115.6,126.5,99.1,"1,056"
1312,2016/4/18,115.5,126.3,98.6,"1,057"
1313,2016/4/25,115.4,126.2,98.6,"1,056"
1314,2016/5/2,115.1,125.9,98.3,"1,055"
1315,2016/5/9,116.6,127.4,99.7,"1,054"
1316,2016/5/16,118.5,129.3,101.1,"1,055"
1317,2016/5/23,118.3,129.1,101,"1,055"
1318,2016/5/30,118.2,129,100.9,"1,053"
1319,2016/6/6,120.4,131.2,102.8,"1,065"
1320,2016/6/13,121.9,132.7,104.3,"1,080"
1321,2016/6/20,121.6,132.3,103.7,"1,091"
1322,2016/6/27,121.3,132.2,103.4,"1,112"
1323,2016/7/4,120.9,131.6,103.3,"1,116"
1324,2016/7/11,120.4,131.2,102.8,"1,115"
1325,2016/7/19,119.7,130.5,102.2,"1,115"
1326,2016/7/25,119.1,130,101.8,"1,116"
1327,2016/8/1,118.9,129.7,101.7,"1,115"
1328,2016/8/8,119.2,130.1,101.8,"1,116"
1329,2016/8/15,118.5,129.3,101.1,"1,117"
1330,2016/8/22,118.7,129.6,101.4,"1,117"
1331,2016/8/29,119.8,130.6,102.6,"1,117"
1332,2016/9/5,122.1,133,104,"1,117"
1333,2016/9/12,121.7,132.6,103.6,"1,116"
1334,2016/9/20,121.2,132,103.2,"1,116"
1335,2016/9/26,120.8,131.7,102.7,"1,098"
1336,2016/10/3,119.7,130.6,101.8,"1,093"
1337,2016/10/11,120.5,131.3,102.7,"1,097"
1338,2016/10/17,123.8,134.6,105.7,"1,099"
1339,2016/10/24,126,136.9,107.4,"1,102"
1340,2016/10/31,126.3,137.1,107.5,"1,106"
1341,2016/11/7,125.6,136.5,106.9,"1,136"
1342,2016/11/14,124.9,135.8,106.4,"1,138"
1343,2016/11/21,124,134.8,105.9,"1,138"
1344,2016/11/28,123.1,134,105.1,"1,140"
1345,2016/12/5,123.6,134.4,105.3,"1,188"
1346,2016/12/12,125.7,136.6,107.7,"1,250"
1347,2016/12/19,128.4,139.2,110.4,"1,329"
1348,2016/12/26,130.7,141.5,112.5,"1,354"
1349,2017/1/10,129.6,140.4,111.2,"1,404"
1350,2017/1/16,130,140.9,112.1,"1,420"
1351,2017/1/23,131.1,142,113.1,"1,423"
1352,2017/1/30,130.5,141.4,112.4,"1,424"
1353,2017/2/6,129.4,140.3,111.5,"1,423"
1354,2017/2/13,128.6,139.5,110.7,"1,423"
1355,2017/2/20,128.4,139.3,110.7,"1,418"
1356,2017/2/27,128.4,139.3,110.8,"1,415"
1357,2017/3/6,130.4,141.3,112.5,"1,399"
1358,2017/3/13,132.7,143.5,114.6,"1,396"
1359,2017/3/21,133.3,144.3,115,"1,396"
1360,2017/3/27,133.2,144.1,115,"1,395"
1361,2017/4/3,133.9,144,116.1,"1,396"
1362,2017/4/10,133.4,143.4,115.5,"1,399"
1363,2017/4/17,133.7,143.8,115.9,"1,399"
1364,2017/4/24,134.8,144.9,116.9,"1,398"
1365,2017/5/1,133.8,143.9,115.9,"1,399"
1366,2017/5/8,132.4,142.6,114.5,"1,397"
1367,2017/5/15,132.7,143,115,"1,398"
1368,2017/5/22,132.7,142.9,114.9,"1,397"
1369,2017/5/29,132.2,142.4,114.7,"1,397"
1370,2017/6/5,132.1,142.3,114.6,"1,396"
1371,2017/6/12,132.3,142.6,114.7,"1,395"
1372,2017/6/19,131.7,141.9,113.9,"1,385"
1373,2017/6/26,131.4,141.5,113.9,"1,371"
1374,2017/7/3,131.1,141.3,113.6,"1,364"
1375,2017/7/10,130.7,140.9,113.2,"1,365"
1376,2017/7/18,131.1,141.3,113.7,"1,358"
1377,2017/7/24,132.5,142.8,114.9,"1,359"
1378,2017/7/31,131.7,142,114.1,"1,359"
1379,2017/8/7,131.9,142.2,114.3,"1,356"
1380,2017/8/14,131.7,142,114.2,"1,355"
1381,2017/8/21,131,141.2,113.3,"1,357"
1382,2017/8/28,131.4,141.7,113.9,"1,356"
1383,2017/9/4,131.5,141.8,113.9,"1,356"
1384,2017/9/11,130.7,140.9,113.2,"1,355"
1385,2017/9/19,130.2,140.4,112.7,"1,357"
1386,2017/9/25,130,140.2,112.4,"1,353"
1387,2017/10/2,131.8,142,114.2,"1,358"
1388,2017/10/10,134.5,144.8,116.6,"1,368"
1389,2017/10/16,135.2,145.6,117.3,"1,375"
1390,2017/10/23,135.6,145.9,117.6,"1,406"
1391,2017/10/30,135.7,146,117.8,"1,415"
1392,2017/11/6,135.9,146.2,117.9,"1,418"
1393,2017/11/13,137.8,148.2,119.9,"1,438"
1394,2017/11/20,140.5,151,122.5,"1,456"
1395,2017/11/27,141.8,152.2,123.9,"1,489"
1396,2017/12/4,142.5,152.9,124.5,"1,516"
1397,2017/12/11,142.6,152.9,124.5,"1,549"
1398,2017/12/18,142.5,152.8,124.5,"1,550"
1399,2017/12/25,142.4,152.7,124.4,"1,551"
1400,2018/1/9,142.4,152.8,124.4,"1,554"
1401,2018/1/15,143.9,154.2,125.9,"1,572"
1402,2018/1/22,146.3,156.9,128.4,"1,583"
1403,2018/1/29,146.4,156.8,128.3,"1,587"
1404,2018/2/5,146,156.4,128,"1,616"
1405,2018/2/13,145.5,155.9,127.6,"1,616"
1406,2018/2/19,145.4,155.7,127.4,"1,616"
1407,2018/2/26,145.2,155.5,127.3,"1,616"
1408,2018/3/5,144.4,154.7,126.7,"1,615"
1409,2018/3/12,144.4,154.6,126.7,"1,616"
1410,2018/3/19,144,154.2,126.4,"1,614"
1411,2018/3/26,143.8,154,126.2,"1,615"
1412,2018/4/2,144.1,154.3,126.6,"1,611"
1413,2018/4/9,144.7,155,127.1,"1,609"
1414,2018/4/16,144.7,155,127.1,"1,609"
1415,2018/4/23,145.8,156.1,128.2,"1,605"
1416,2018/5/1,145.9,156.2,128.2,"1,608"
1417,2018/5/7,145.6,155.9,127.9,"1,608"
1418,2018/5/14,147,157.3,129.3,"1,616"
1419,2018/5/21,149.7,160.1,132,"1,622"
1420,2018/5/28,151.3,161.8,133.6,"1,639"
1421,2018/6/4,153.4,163.9,136,"1,668"
1422,2018/6/11,153.2,163.6,135.7,"1,704"
1423,2018/6/18,153.2,163.6,135.7,"1,715"
1424,2018/6/25,152.9,163.3,135.4,"1,718"
1425,2018/7/2,153.1,163.4,135.6,"1,718"
1426,2018/7/9,153.1,163.5,135.7,"1,718"
1427,2018/7/17,153.3,163.8,136,"1,720"
1428,2018/7/23,153,163.4,135.6,"1,721"
1429,2018/7/30,153,163.4,135.6,"1,722"
1430,2018/8/6,152.7,163.1,135.3,"1,721"
1431,2018/8/13,152.5,163,134.8,"1,722"
1432,2018/8/20,151.9,162.2,134.5,"1,722"
1433,2018/8/27,151.3,161.8,133.7,"1,721"
1434,2018/9/3,151.9,162.2,134.5,"1,723"
1435,2018/9/10,152.2,162.5,134.7,"1,723"
1436,2018/9/18,152,162.4,134.7,"1,723"
1437,2018/9/25,154.8,165.2,137.4,"1,726"
1438,2018/10/1,155.7,166.2,138.4,"1,728"
1439,2018/10/9,157.7,168.2,140.3,"1,745"
1440,2018/10/15,160.6,171.1,143.3,"1,800"
1441,2018/10/22,161.5,172,144.2,"1,819"
1442,2018/10/29,161.1,171.6,143.8,"1,817"
1443,2018/11/5,159.3,169.7,142,"1,821"
1444,2018/11/12,157.3,167.6,140.2,"1,818"
1445,2018/11/19,155.8,166,138.7,"1,815"
1446,2018/11/26,153.9,164.1,137,"1,812"
1447,2018/12/3,149.6,159.5,132.6,"1,735"
1448,2018/12/10,147.4,157.2,130.5,"1,726"
1449,2018/12/17,145.5,155.2,128.9,"1,722"
1450,2018/12/25,144.7,154.3,128.1,"1,719"
1451,2019/1/7,140.1,150,123.8,"1,638"
1452,2019/1/15,139.3,149.1,122.9,"1,629"
1453,2019/1/21,140.5,150.4,124.2,"1,622"
1454,2019/1/28,141.8,151.7,125.2,"1,625"
1455,2019/2/4,141.6,151.5,125.2,"1,625"
1456,2019/2/12,141.1,151,124.8,"1,623"
1457,2019/2/18,141.3,151.2,124.7,"1,625"
1458,2019/2/25,143.1,153.1,126.5,"1,626"
1459,2019/3/4,146.4,156.6,129.7,"1,628"
1460,2019/3/11,145.4,155.5,128.6,"1,633"
1461,2019/3/18,144.8,154.9,128.2,"1,633"
1462,2019/3/25,145.8,156,129.2,"1,631"
1463,2019/4/1,147.2,157.3,130.5,"1,635"
1464,2019/4/8,146.6,156.7,130,"1,632"
1465,2019/4/15,147.8,158,131.2,"1,657"
1466,2019/4/22,148.7,158.9,132,"1,667"
1467,2019/5/7,148.9,159.1,132.3,"1,679"
1468,2019/5/13,149.3,159.4,132.6,"1,683"
1469,2019/5/20,149.8,159.9,133,"1,683"
1470,2019/5/27,149.1,159.2,132.4,"1,682"
1471,2019/6/3,148,158,131.4,"1,680"
1472,2019/6/10,146.6,156.5,130,"1,682"
1473,2019/6/17,144.8,154.6,128.3,"1,676"
1474,2019/6/24,143.1,152.8,126.6,"1,669"
1475,2019/7/1,142.3,152.5,125.8,"1,669"
1476,2019/7/8,144,154.2,127.7,"1,666"
1477,2019/7/16,144.4,154.6,127.9,"1,668"
1478,2019/7/22,144.2,154.4,127.8,"1,666"
1479,2019/7/29,144.9,155.3,128.4,"1,667"
1480,2019/8/5,144.2,154.6,127.7,"1,665"
1481,2019/8/13,142.7,153.4,125.9,"1,660"
1482,2019/8/19,141.5,151.7,125.3,"1,665"
1483,2019/8/26,141.1,151.3,125,"1,664"
1484,2019/9/2,142.2,152.4,125.8,"1,664"
1485,2019/9/9,142.1,152.3,125.7,"1,663"
1486,2019/9/17,141.7,151.9,125.4,"1,659"
1487,2019/9/24,141.9,152.1,125.5,"1,658"
1488,2019/9/30,144.8,155.2,128.2,"1,659"
1489,2019/10/7,148.2,159.1,131.3,"1,671"
1490,2019/10/15,146.4,157.4,129.6,"1,667"
1491,2019/10/21,146.2,157,129.5,"1,677"
1492,2019/10/28,146.2,157,129.5,"1,677"
1493,2019/11/5,147.3,158.1,130.5,"1,676"
1494,2019/11/11,147.9,158.7,130.9,"1,676"
1495,2019/11/18,147.2,158.1,130.2,"1,676"
1496,2019/11/25,147.2,158,130.2,"1,678"
1497,2019/12/2,147.3,158.1,130.3,"1,677"
1498,2019/12/9,147.6,158.4,130.6,"1,677"
1499,2019/12/16,148.4,159.3,131.4,"1,679"
1500,2019/12/23,148.9,159.8,131.9,"1,681"
1501,2020/1/6,150.3,161.7,132.7,"1,688"
1502,2020/1/14,151.4,162.3,134.4,"1,693"
1503,2020/1/20,151.4,162.3,134.4,"1,734"
1504,2020/1/27,151.4,162.3,134.5,"1,749"
1505,2020/2/3,150.4,161.3,133.6,"1,757"
1506,2020/2/10,149.8,160.6,133.2,"1,757"
1507,2020/2/17,147.8,158.5,131.3,"1,732"
1508,2020/2/25,146.4,156.9,129.7,"1,704"
1509,2020/3/2,146.7,157.4,129.8,"1,697"
1510,2020/3/9,145.7,156.4,128.9,"1,695"
1511,2020/3/16,141.4,152,124.8,"1,686"
1512,2020/3/23,134.1,144.5,117.5,"1,563"
1513,2020/3/30,130.3,140.3,113.6,"1,535"
1514,2020/4/6,125.2,135.8,108.8,"1,443"
1515,2020/4/13,123,133.6,106.9,"1,404"
1516,2020/4/20,122.5,132.9,106.3,"1,364"
1517,2020/4/27,121.7,132.1,105.4,"1,330"
1518,2020/5/11,114.8,125.1,97.9,"1,299"
1519,2020/5/18,118.7,129.3,101.8,"1,257"
1520,2020/5/25,121.2,131.9,104.3,"1,239"
1521,2020/6/1,124.4,135.3,107.4,"1,238"
1522,2020/6/8,125,136,108,"1,242"
1523,2020/6/15,127.1,138.1,109.9,"1,242"
1524,2020/6/22,127.4,138.7,110,"1,241"
1525,2020/6/29,127.3,138.3,110.2,"1,241"
1526,2020/7/6,127.2,138.1,110.1,"1,238"
1527,2020/7/13,127.8,138.7,110.7,"1,242"
1528,2020/7/20,129.9,140.7,112.9,"1,243"
1529,2020/7/27,129.9,140.8,112.8,"1,244"
1530,2020/8/3,132.9,143.9,115.7,"1,369"
1531,2020/8/11,134.1,145,117,"1,396"
1532,2020/8/17,132.3,143.5,115.4,"1,398"
1533,2020/8/24,132,143.1,115.2,"1,398"
1534,2020/8/31,130.9,142,114.1,"1,402"
1535,2020/9/7,132.2,143.3,115.4,"1,402"
1536,2020/9/14,134.1,145,117.2,"1,404"
1537,2020/9/23,132.7,143.5,115.8,"1,405"
1538,2020/9/28,132.8,143.7,116,"1,404"
1539,2020/10/5,133.7,144.5,116.7,"1,402"
1540,2020/10/12,133,143.8,116,"1,401"
1541,2020/10/19,133,143.7,116,"1,400"
1542,2020/10/26,132.9,143.6,115.8,"1,399"
1543,2020/11/2,132.6,143.3,115.3,"1,401"
1544,2020/11/9,132.2,142.9,114.9,"1,403"
1545,2020/11/16,131.8,142.6,114.6,"1,403"
1546,2020/11/24,133.6,144.5,116.5,"1,404"
1547,2020/11/30,133.6,144.5,116.5,"1,404"
1548,2020/12/7,134.8,145.7,117.6,"1,404"
1549,2020/12/14,135.1,146,118,"1,404"
1550,2020/12/21,135.4,146.3,118.3,"1,408"
1551,2021/1/4,136.6,147.8,119.4,"1,415"
1552,2021/1/12,136.3,147.1,119.2,"1,416"
1553,2021/1/18,137.8,148.7,120.6,"1,427"
1554,2021/1/25,139.3,150.3,122.3,"1,438"
1555,2021/2/1,139.1,150.1,122,"1,480"
1556,2021/2/8,139.3,150.3,122.2,"1,486"
1557,2021/2/15,140.8,151.8,123.7,"1,496"
1558,2021/2/22,144.1,155.2,126.9,"1,512"
1559,2021/3/1,145,156.1,127.8,"1,568"
1560,2021/3/8,147,158.3,129.9,"1,580"
1561,2021/3/15,147.8,159,130.7,"1,589"
1562,2021/3/22,150.5,161.8,133.5,"1,602"
1563,2021/3/29,150.7,162,133.6,"1,608"
1564,2021/4/5,150,161.1,133.1,"1,658"
1565,2021/4/12,149.5,160.6,132.6,"1,663"
1566,2021/4/19,148.7,159.7,131.6,"1,668"
1567,2021/4/26,148.1,159.4,130.8,"1,669"
1568,2021/5/10,147.6,158.4,130.6,"1,667"
1569,2021/5/17,148.5,159.4,131.7,"1,678"
1570,2021/5/24,148.7,159.9,131.3,"1,673"
1571,2021/5/31,148.6,159.5,131.5,"1,673"
1572,2021/6/7,148.5,159.8,131,"1,675"
1573,2021/6/14,150.9,161.9,133.6,"1,679"
1574,2021/6/21,151.5,162.4,134.3,"1,682"
1575,2021/6/28,152.3,163.4,135,"1,687"
1576,2021/7/5,155.1,166.1,137.9,"1,732"
1577,2021/7/12,156.3,167.3,139.2,"1,740"
1578,2021/7/19,156.6,167.7,139.5,"1,742"
1579,2021/7/26,157,168.1,139.9,"1,746"
1580,2021/8/2,156.7,167.7,139.5,"1,742"
1581,2021/8/10,156.9,167.9,139.7,"1,742"
1582,2021/8/16,156.6,167.7,139.2,"1,746"
1583,2021/8/23,156.2,167.1,138.8,"1,745"
1584,2021/8/30,155.6,166.5,138.3,"1,745"
1585,2021/9/6,155.7,166.6,138.4,"1,747"
1586,2021/9/13,157,167.9,139.6,"1,749"
1587,2021/9/21,157.2,168.3,140.1,"1,748"
1588,2021/9/27,157.4,168.4,140.1,"1,748"
1589,2021/10/4,159.5,170.7,142.3,"1,764"
1590,2021/10/11,161.4,172.6,144.2,"1,787"
1591,2021/10/18,164.1,175.3,146.9,"1,825"
1592,2021/10/25,167,178.4,149.8,"1,841"
1593,2021/11/1,168.6,180,151.6,"1,916"
1594,2021/11/8,168.3,179.7,151.4,"1,933"
1595,2021/11/15,168.1,179.2,151.1,"1,990"
1596,2021/11/22,168,179.1,150.9,"2,006"
1597,2021/11/29,167.9,179.3,150.5,"2,008"
1598,2021/12/6,166.5,177.6,149.5,"2,006"
1599,2021/12/13,163,173.9,146,"1,998"
1600,2021/12/20,163.1,174,146.1,"1,997"
1601,2022/1/4,161.5,172.7,144,"1,972"
1602,2022/1/11,163.3,174.4,145.9,"1,955"
1603,2022/1/17,166.2,177.4,148.7,"1,952"
1604,2022/1/24,168.7,179.8,151.4,"1,969"
1605,2022/1/31,168.5,179.6,151.1,"1,974"
1606,2022/2/7,170.1,181.3,152.6,"2,010"
1607,2022/2/14,170.6,181.8,153.5,"2,023"
1608,2022/2/21,170.5,182.1,152.8,"2,021"
1609,2022/2/28,172.4,183.7,155.2,"2,034"
1610,2022/3/7,174.9,186.2,157.7,"2,103"
1611,2022/3/14,175.6,187,158.4,"2,110"
1612,2022/3/22,174.6,185.8,157.5,"2,141"
1613,2022/3/28,173.4,184.6,156.4,"2,142"
1614,2022/4/4,173.4,184.6,156.4,"2,152"
1615,2022/4/11,172.8,183.9,155.8,"2,147"
1616,2022/4/18,171.7,183,154.4,"2,152"
1617,2022/4/25,171.3,182.3,154.2,"2,151"
1618,2022/5/9,168,178.8,151.1,"2,149"
1619,2022/5/16,167.3,178,150.3,"2,145"
1620,2022/5/23,167,178.1,149.8,"2,139"
1621,2022/5/30,166.6,177.4,149.5,"2,138"
1622,2022/6/6,168.8,179.6,151.9,"2,137"
1623,2022/6/13,169.6,180.8,152.3,"2,135"
1624,2022/6/20,171.9,183.2,154.5,"2,141"
1625,2022/6/27,173.8,185,156.6,"2,151"
1626,2022/7/4,172.3,183.3,155.2,"2,147"
1627,2022/7/11,171,181.9,153.9,"2,148"
1628,2022/7/19,169.4,180.2,152.4,"2,148"
1629,2022/7/25,167.5,178.4,150.1,"2,145"
1630,2022/8/1,166.3,177.4,149,"2,142"
1631,2022/8/8,167.2,178,150.4,"2,146"
1632,2022/8/15,166.5,177.3,149.6,"2,147"
1633,2022/8/22,166.1,176.8,149.4,"2,143"
1634,2022/8/29,165.3,175.9,148.4,"2,148"
1635,2022/9/5,166.7,177.5,149.8,"2,145"
1636,2022/9/12,168.1,178.9,151.2,"2,149"
1637,2022/9/20,166.5,177.4,149.5,"2,144"
1638,2022/9/26,166.4,177.1,149.5,"2,141"
1639,2022/10/3,165.4,176,148.6,"2,145"
1640,2022/10/11,165.2,175.9,148.3,"2,146"
1641,2022/10/17,166,176.6,148.8,"2,141"
1642,2022/10/24,166.9,177.6,149.9,"2,141"
1643,2022/10/31,166.9,177.5,150,"2,144"
1644,2022/11/7,166.6,177.3,149.7,"2,140"
1645,2022/11/14,166.3,176.9,149.3,"2,140"
1646,2022/11/21,165.8,176.5,148.9,"2,137"
1647,2022/11/28,165.4,176,148.4,"2,140"
1648,2022/12/5,166.5,177.3,149.7,"2,089"
1649,2022/12/12,166.4,177.1,149.6,"2,088"
1650,2022/12/19,166.5,177.2,149.7,"2,085"
1651,2022/12/26,166.6,177.3,149.8,"2,086"
1652,2023/1/10,167,177.8,150,"2,056"
1653,2023/1/16,166.1,177.2,148.8,"2,047"
1654,2023/1/23,166.6,177.4,149.5,"2,051"
1655,2023/1/30,166.2,177.3,148.9,"2,046"
1656,2023/2/6,165.9,176.6,148.9,"2,048"
1657,2023/2/13,165.6,176.3,148.7,"2,048"
1658,2023/2/20,166.3,177,149.3,"2,045"
1659,2023/2/27,166.3,177,149.4,"2,046"
1660,2023/3/6,166.1,177,149.1,"2,044"
1661,2023/3/13,166,176.9,149,"2,036"
1662,2023/3/20,166.5,177.5,149.5,"2,037"
1663,2023/3/27,167.3,178.3,150.3,"2,040"
1664,2023/4/3,167.8,178.8,150.9,"2,033"
1665,2023/4/10,167.4,178.7,150.2,"2,029"
1666,2023/4/17,167.8,178.8,150.8,"2,034"
1667,2023/4/24,167.4,178.5,150.5,"2,029"
1668,2023/5/8,166.5,177.4,149.4,"2,029"
1669,2023/5/15,167,178,149.9,"2,034"
1670,2023/5/22,167.5,178.6,150.3,"2,031"
1671,2023/5/29,167.2,178.3,150.1,"2,035"
1672,2023/6/5,167.1,178.3,149.9,"2,030"
1673,2023/6/12,167,178.1,149.9,"2,033"
1674,2023/6/19,166.8,178,149.5,"2,033"
1675,2023/6/26,167.3,178.4,150.1,"2,058"
1676,2023/7/3,169.7,180.9,152.5,"2,063"
1677,2023/7/10,171,182,153.9,"2,071"
1678,2023/7/18,171.8,182.9,154.7,"2,071"
1679,2023/7/24,173.5,184.7,156.2,"2,090"
1680,2023/7/31,175,186.4,157.9,"2,101"
1681,2023/8/7,178.5,189.9,161.3,"2,106"
1682,2023/8/14,180.9,192.5,163.2,"2,127"
1683,2023/8/21,182.1,193.3,164.9,"2,165"
1684,2023/8/28,183.3,194.8,166,"2,182"
1685,2023/9/4,184.3,195.7,166.7,"2,254"
1686,2023/9/11,182.2,193.4,164.9,"2,263"
1687,2023/9/19,177.6,188.5,160.2,"2,257"
1688,2023/9/25,175.1,185.8,157.7,"2,247"
1689,2023/10/2,172.5,183.5,155.2,"2,249"
1690,2023/10/10,169.5,180.7,151.9,"2,222"
1691,2023/10/16,167.9,178.9,150.6,"2,219"
1692,2023/10/23,167.9,178.9,150.8,"2,212"
1693,2023/10/30,169,180,151.7,"2,209"
1694,2023/11/6,168.5,179.5,151,"2,119"
1695,2023/11/13,169.8,180.9,152.3,"2,100"
1696,2023/11/20,169.7,180.8,152.3,"2,095"
1697,2023/11/27,170.7,181.9,153.3,"2,098"
1698,2023/12/4,172.6,183.9,155.2,"2,100"
1699,2023/12/11,173,184.4,155.6,"2,109"
1700,2023/12/18,174.2,185.7,156.5,"2,100"
1701,2023/12/25,174,185.2,156.7,"2,111"
1702,2024/1/9,174.7,185.9,157.3,"2,110"
1703,2024/1/15,174.2,185.8,156.3,"2,097"
1704,2024/1/22,174.2,185.5,156.9,"2,139"
1705,2024/1/29,174.1,185.2,156.7,"2,153"
1706,2024/2/5,174.3,185.5,157,"2,151"
1707,2024/2/13,174.5,185.8,157.2,"2,151"
1708,2024/2/19,174.2,185.6,156.6,"2,147"
1709,2024/2/26,174,185.3,156.9,"2,153"
1710,2024/3/4,174.5,185.9,157.5,"2,154"
1711,2024/3/11,173.6,184.9,156.5,"2,145"
1712,2024/3/18,174.5,185.7,157.3,"2,150"
1713,2024/3/25,174.3,185.7,157.1,"2,144"
1714,2024/4/1,174.7,186.2,157.5,"2,127"
1715,2024/4/8,174.4,186,157,"2,129"
1716,2024/4/15,174.8,186.2,157.6,"2,135"
1717,2024/4/22,174.8,186.2,157.1,"2,134"
1718,2024/4/30,173.1,184.6,155.5,"2,133"
1719,2024/5/7,171.7,183,154.5,"2,135"
1720,2024/5/13,171.6,182.9,154.3,"2,136"
1721,2024/5/20,172.1,183.4,154.9,"2,136"
1722,2024/5/27,174.1,185.4,156.8,"2,136"
1723,2024/6/3,173.3,184.6,156.1,"2,136"
